{"commitInfo":{"timestamp":1724277932703,"operation":"WRITE","operationParameters":{"mode":"Overwrite","partitionBy":"[]"},"isBlindAppend":false}}
{"protocol":{"minReaderVersion":1,"minWriterVersion":2}}
{"metaData":{"id":"28541c50-a627-4f9a-a691-3842115e3d4d","format":{"provider":"parquet","options":{}},"schemaString":"{\"type\":\"struct\",\"fields\":[{\"name\":\"id\",\"type\":\"string\",\"nullable\":true,\"metadata\":{}},{\"name\":\"customer_city\",\"type\":\"string\",\"nullable\":true,\"metadata\":{}},{\"name\":\"date\",\"type\":\"string\",\"nullable\":true,\"metadata\":{}},{\"name\":\"price\",\"type\":\"string\",\"nullable\":true,\"metadata\":{}},{\"name\":\"review_score\",\"type\":\"integer\",\"nullable\":true,\"metadata\":{}},{\"name\":\"year\",\"type\":\"integer\",\"nullable\":true,\"metadata\":{}}]}","partitionColumns":[],"configuration":{},"createdTime":1724277903335}}
{"add":{"path":"part-00000-b81a74ad-cae7-457f-9f1b-1f31a73d4589-c000.snappy.parquet","partitionValues":{},"size":1207876,"modificationTime":1724277932100,"dataChange":true}}
{"add":{"path":"part-00001-65941e5e-321c-4f3d-a94c-d05e0aaf60e2-c000.snappy.parquet","partitionValues":{},"size":1206928,"modificationTime":1724277930690,"dataChange":true}}
{"add":{"path":"part-00002-4ce4163a-49aa-4871-8e0e-61be10bcacb8-c000.snappy.parquet","partitionValues":{},"size":1208082,"modificationTime":1724277931587,"dataChange":true}}
{"add":{"path":"part-00003-3e35d762-6324-4e99-8fbe-e146167e9401-c000.snappy.parquet","partitionValues":{},"size":1207846,"modificationTime":1724277929764,"dataChange":true}}
{"add":{"path":"part-00004-22b4b67f-ebe9-4d5f-9fc5-2e03785a0411-c000.snappy.parquet","partitionValues":{},"size":260595,"modificationTime":1724277925052,"dataChange":true}}
